"DESCRIPTION","DURATION IN MS","NAME","PARENT SUITE","START TIME","STATUS","STOP TIME","SUB SUITE","SUITE","TEST CLASS","TEST METHOD"
"","178","TC-AREA-09, запрос невалидного id (заведомо несуществующий)","hh-live","2026-10-05","passed","2026-10-05","","","",""
"","829","TC-AREA-10, проверка обработки нулевого значения area_id","hh-live","2026-10-05","failed","2026-10-05","","","",""
"","183","TC-DICT-01_03, Проверка статус кода и времени ответа","hh-live","2026-10-05","passed","2026-10-05","","","",""
"","173","TC-AREA-15, проверка обработки небуквенно числовых спецсимволов","hh-live","2026-10-05","passed","2026-10-05","","","",""
"","1006","TC-AREA-01, Проверка статус кода и времени ответа","hh-live","2026-10-05","passed","2026-10-05","","","",""
"","229","TC-AREA-12, проверка обработки дробного значения","hh-live","2026-10-05","passed","2026-10-05","","","",""
"","211","TC-AREA-13, проверка обработки числа int32+1","hh-live","2026-10-05","failed","2026-10-05","","","",""
"","421","TC-AREA-05, проверка статус кода и времени ответа","hh-live","2026-10-05","passed","2026-10-05","","","",""
"","199","TC-AREA-07, запрос конечного узла без дочерних элементов","hh-live","2026-10-05","passed","2026-10-05","","","",""
"","206","TC-AREA-14, проверка обработки строкового значения","hh-live","2026-10-05","passed","2026-10-05","","","",""
"","245","TC-DICT-04, проверка работы query параметра locale=EN","hh-live","2026-10-05","failed","2026-10-05","","","",""
"","880","TC-AREA-06, проверка query параметра locale=EN","hh-live","2026-10-05","failed","2026-10-05","","","",""
"","11119","TC-VAC-01","hh-vacancies-mocked","2026-10-05","passed","2026-10-05","","","",""
"","175","TC-VAC-03","hh-vacancies-mocked","2026-10-05","passed","2026-10-05","","","",""
"","967","TC-AREA-03, проверка работы query параметра locale=EN","hh-live","2026-10-05","failed","2026-10-05","","","",""
"","169","TC-DICT-06, проверка невалидного query параметра locale с цифровым значением","hh-live","2026-10-05","passed","2026-10-05","","","",""
"","201","TC-AREA-11, проверка обработки отрицательного значения","hh-live","2026-10-05","passed","2026-10-05","","","",""
"","827","TC-HEAD-01, Валидация обязательности заголовка user-agent","hh-live","2026-10-05","failed","2026-10-05","","","",""
"","188","TC-DICT-05,Проверка недопустимого HTTP метода","hh-live","2026-10-05","passed","2026-10-05","","","",""
"","218","TC-VAC-02","hh-vacancies-mocked","2026-10-05","passed","2026-10-05","","","",""
"","175","TC-VAC-04","hh-vacancies-mocked","2026-10-05","passed","2026-10-05","","","",""
"","227","TC-AREA-08, проверка связи ""ребенок- родитель""","hh-live","2026-10-05","passed","2026-10-05","","","",""
"","188","TC-AREA-04, проверка недопустимого http метода","hh-live","2026-10-05","passed","2026-10-05","","","",""
